<definitions><-xmlns>http://www.omg.org/spec/BPMN/20100524/MODEL</-xmlns><-xmlns:xsi>http://www.w3.org/2001/XMLSchema-instance</-xmlns:xsi><-xmlns:activiti>http://activiti.org/bpmn</-xmlns:activiti><-xmlns:bpmndi>http://www.omg.org/spec/BPMN/20100524/DI</-xmlns:bpmndi><-xmlns:omgdc>http://www.omg.org/spec/DD/20100524/DC</-xmlns:omgdc><-xmlns:omgdi>http://www.omg.org/spec/DD/20100524/DI</-xmlns:omgdi><-typeLanguage>http://www.w3.org/2001/XMLSchema</-typeLanguage><-expressionLanguage>http://www.w3.org/1999/XPath</-expressionLanguage><-targetNamespace>ff80808163aab2210163ab05d2bb0001</-targetNamespace><process><-id>reimbursementflow1</-id><-name>费用报销流程模板(一)</-name><startEvent><-id>start1</-id><-name>开始</-name><-activiti:initiator>applyUserId</-activiti:initiator></startEvent><endEvent><-id>end1529390930345</-id><-name>结束</-name></endEvent><userTask><-id>task1529390886066</-id><-name>填写申请</-name><-activiti:assignee>${applyUserId}</-activiti:assignee><-activiti:formKey>ff80808163875bde0163877f58810005</-activiti:formKey><extensionElements><activiti:taskListener><-id>402881ef4095603b014095c7d6e30009</-id><-event>complete</-event><-class>com.olymtech.oa.manager.workFlow.listener.task.TurnBackTaskListener</-class></activiti:taskListener></extensionElements></userTask><userTask><-id>task1529390906380</-id><-name>部门审批</-name><-activiti:assignee>${assigneeUser}</-activiti:assignee><-activiti:formKey>ff80808163875bde0163877f58810005</-activiti:formKey><multiInstanceLoopCharacteristics><-isSequential>true</-isSequential><-activiti:collection>assigneeUserIdList</-activiti:collection><-activiti:elementVariable>assigneeUser</-activiti:elementVariable><loopCardinality>${assigneeUserCount}</loopCardinality><completionCondition>${doBackTask==1}</completionCondition></multiInstanceLoopCharacteristics></userTask><userTask><-id>task1529390915138</-id><-name>财务主管</-name><-activiti:candidateGroups>ff808081644f677901644f7d73e20004</-activiti:candidateGroups><-activiti:formKey>ff80808163875bde0163877f58810005</-activiti:formKey></userTask><userTask><-id>task1529391126934</-id><-name>行政助理</-name><-activiti:candidateGroups>ff808081644f677901644f7ceb420001</-activiti:candidateGroups><-activiti:formKey>ff80808163875bde0163877f58810005</-activiti:formKey></userTask><serviceTask><-id>task1530068118185</-id><-name>业务处理</-name><-activiti:expression>${flowUtil.updateApplyInfo(execution)}</-activiti:expression><documentation>更新业务数据</documentation></serviceTask><exclusiveGateway><-id>exclusiveGateway1531459618799</-id><-name>exclusive Gateway</-name></exclusiveGateway><sequenceFlow><-id>flow1529390975954</-id><-sourceRef>start1</-sourceRef><-targetRef>task1529390886066</-targetRef></sequenceFlow><sequenceFlow><-id>flow1529390979849</-id><-sourceRef>task1529390906380</-sourceRef><-targetRef>task1529390915138</-targetRef></sequenceFlow><sequenceFlow><-id>flow1529390984234</-id><-sourceRef>task1529390915138</-sourceRef><-targetRef>task1530068118185</-targetRef></sequenceFlow><sequenceFlow><-id>flow1529391174821</-id><-sourceRef>task1529390886066</-sourceRef><-targetRef>task1529391126934</-targetRef></sequenceFlow><sequenceFlow><-id>flow1529391202443</-id><-sourceRef>task1529391126934</-sourceRef><-targetRef>exclusiveGateway1531459618799</-targetRef></sequenceFlow><sequenceFlow><-id>flow1530068135628</-id><-sourceRef>task1530068118185</-sourceRef><-targetRef>end1529390930345</-targetRef></sequenceFlow><sequenceFlow><-id>flow1531459647383</-id><-name>有部门审批</-name><-sourceRef>exclusiveGateway1531459618799</-sourceRef><-targetRef>task1529390906380</-targetRef><conditionExpression><-xsi:type>tFormalExpression</-xsi:type><#cdata-section>${assigneeUserCount&gt;0}</#cdata-section></conditionExpression></sequenceFlow><sequenceFlow><-id>flow1531459712313</-id><-name>无部门审批</-name><-sourceRef>exclusiveGateway1531459618799</-sourceRef><-targetRef>task1529390915138</-targetRef><conditionExpression><-xsi:type>tFormalExpression</-xsi:type><#cdata-section>${assigneeUserCount&lt;1}</#cdata-section></conditionExpression></sequenceFlow></process><bpmndi:BPMNDiagram><-id>BPMNDiagram_reimbursementflow1</-id><bpmndi:BPMNPlane><-bpmnElement>reimbursementflow1</-bpmnElement><-id>BPMNPlane_reimbursementflow1</-id><bpmndi:BPMNShape><-bpmnElement>start1</-bpmnElement><-id>BPMNShape_start1</-id><omgdc:Bounds><-height>30</-height><-width>30</-width><-x>36</-x><-y>37</-y></omgdc:Bounds></bpmndi:BPMNShape><bpmndi:BPMNShape><-bpmnElement>end1529390930345</-bpmnElement><-id>BPMNShape_end1529390930345</-id><omgdc:Bounds><-height>30</-height><-width>30</-width><-x>580</-x><-y>369</-y></omgdc:Bounds></bpmndi:BPMNShape><bpmndi:BPMNShape><-bpmnElement>task1529390886066</-bpmnElement><-id>BPMNShape_task1529390886066</-id><omgdc:Bounds><-height>50</-height><-width>90</-width><-x>147</-x><-y>27</-y></omgdc:Bounds></bpmndi:BPMNShape><bpmndi:BPMNShape><-bpmnElement>task1529390906380</-bpmnElement><-id>BPMNShape_task1529390906380</-id><omgdc:Bounds><-height>50</-height><-width>90</-width><-x>531</-x><-y>178</-y></omgdc:Bounds></bpmndi:BPMNShape><bpmndi:BPMNShape><-bpmnElement>task1529390915138</-bpmnElement><-id>BPMNShape_task1529390915138</-id><omgdc:Bounds><-height>50</-height><-width>90</-width><-x>180</-x><-y>247</-y></omgdc:Bounds></bpmndi:BPMNShape><bpmndi:BPMNShape><-bpmnElement>task1529391126934</-bpmnElement><-id>BPMNShape_task1529391126934</-id><omgdc:Bounds><-height>50</-height><-width>90</-width><-x>311</-x><-y>27</-y></omgdc:Bounds></bpmndi:BPMNShape><bpmndi:BPMNShape><-bpmnElement>task1530068118185</-bpmnElement><-id>BPMNShape_task1530068118185</-id><omgdc:Bounds><-height>50</-height><-width>90</-width><-x>395</-x><-y>361</-y></omgdc:Bounds></bpmndi:BPMNShape><bpmndi:BPMNShape><-bpmnElement>exclusiveGateway1531459618799</-bpmnElement><-id>BPMNShape_exclusiveGateway1531459618799</-id><omgdc:Bounds><-height>40</-height><-width>40</-width><-x>336</-x><-y>120</-y></omgdc:Bounds></bpmndi:BPMNShape><bpmndi:BPMNEdge><-bpmnElement>flow1529390975954</-bpmnElement><-id>BPMNEdge_flow1529390975954</-id><omgdi:waypoint><-x>66</-x><-y>52</-y></omgdi:waypoint><omgdi:waypoint><-x>142</-x><-y>52</-y></omgdi:waypoint></bpmndi:BPMNEdge><bpmndi:BPMNEdge><-bpmnElement>flow1529390979849</-bpmnElement><-id>BPMNEdge_flow1529390979849</-id><omgdi:waypoint><-x>576</-x><-y>233</-y></omgdi:waypoint><omgdi:waypoint><-x>576</-x><-y>272</-y></omgdi:waypoint><omgdi:waypoint><-x>275</-x><-y>272</-y></omgdi:waypoint></bpmndi:BPMNEdge><bpmndi:BPMNEdge><-bpmnElement>flow1529390984234</-bpmnElement><-id>BPMNEdge_flow1529390984234</-id><omgdi:waypoint><-x>225</-x><-y>302</-y></omgdi:waypoint><omgdi:waypoint><-x>225</-x><-y>386</-y></omgdi:waypoint><omgdi:waypoint><-x>390</-x><-y>386</-y></omgdi:waypoint></bpmndi:BPMNEdge><bpmndi:BPMNEdge><-bpmnElement>flow1529391174821</-bpmnElement><-id>BPMNEdge_flow1529391174821</-id><omgdi:waypoint><-x>242</-x><-y>52</-y></omgdi:waypoint><omgdi:waypoint><-x>306</-x><-y>52</-y></omgdi:waypoint></bpmndi:BPMNEdge><bpmndi:BPMNEdge><-bpmnElement>flow1529391202443</-bpmnElement><-id>BPMNEdge_flow1529391202443</-id><omgdi:waypoint><-x>356</-x><-y>82</-y></omgdi:waypoint><omgdi:waypoint><-x>356</-x><-y>120</-y></omgdi:waypoint></bpmndi:BPMNEdge><bpmndi:BPMNEdge><-bpmnElement>flow1530068135628</-bpmnElement><-id>BPMNEdge_flow1530068135628</-id><omgdi:waypoint><-x>490</-x><-y>386</-y></omgdi:waypoint><omgdi:waypoint><-x>535</-x><-y>386</-y></omgdi:waypoint><omgdi:waypoint><-x>535</-x><-y>384</-y></omgdi:waypoint><omgdi:waypoint><-x>580</-x><-y>384</-y></omgdi:waypoint></bpmndi:BPMNEdge><bpmndi:BPMNEdge><-bpmnElement>flow1531459647383</-bpmnElement><-id>BPMNEdge_flow1531459647383</-id><omgdi:waypoint><-x>376</-x><-y>140</-y></omgdi:waypoint><omgdi:waypoint><-x>576</-x><-y>140</-y></omgdi:waypoint><omgdi:waypoint><-x>576</-x><-y>173</-y></omgdi:waypoint></bpmndi:BPMNEdge><bpmndi:BPMNEdge><-bpmnElement>flow1531459712313</-bpmnElement><-id>BPMNEdge_flow1531459712313</-id><omgdi:waypoint><-x>336</-x><-y>140</-y></omgdi:waypoint><omgdi:waypoint><-x>225</-x><-y>140</-y></omgdi:waypoint><omgdi:waypoint><-x>225</-x><-y>242</-y></omgdi:waypoint></bpmndi:BPMNEdge></bpmndi:BPMNPlane></bpmndi:BPMNDiagram></definitions>